{"stats":{"minecraft:dropped":{"minecraft:map":1,"minecraft:trident":1,"minecraft:music_disc_lava_chicken":1,"minecraft:gray_concrete":1},"minecraft:picked_up":{"minecraft:stone_button":4,"minecraft:trident":2,"minecraft:pale_oak_button":4,"minecraft:cauldron":1,"minecraft:item_frame":1,"minecraft:yellow_glazed_terracotta":1,"minecraft:gray_concrete":1,"minecraft:wind_charge":12,"minecraft:polished_deepslate":1,"minecraft:wooden_axe":1,"minecraft:azalea":263,"minecraft:cyan_glazed_terracotta":1,"minecraft:music_disc_lava_chicken":1,"minecraft:mace":14,"minecraft:map":1},"minecraft:used":{"minecraft:polished_tuff":14,"minecraft:grass_block":1,"minecraft:repeater":132,"minecraft:string":2,"minecraft:honeycomb":1,"minecraft:cartography_table":1,"minecraft:andesite":7,"minecraft:chiseled_deepslate":1,"minecraft:glass":85,"minecraft:mangrove_trapdoor":4,"minecraft:command_block":127,"minecraft:polished_tuff_wall":30,"minecraft:stripped_pale_oak_wood":2,"minecraft:blast_furnace":15,"minecraft:lime_terracotta":28,"minecraft:smooth_stone":104,"minecraft:lava_bucket":87,"minecraft:pearlescent_froglight":13,"minecraft:pale_oak_sign":1,"minecraft:azalea_leaves":11,"minecraft:redstone":27,"minecraft:white_stained_glass":273,"minecraft:polished_tuff_stairs":5,"minecraft:map":4,"minecraft:crafter":1,"minecraft:mace":200,"minecraft:sea_lantern":12,"minecraft:yellow_glazed_terracotta":1,"minecraft:mangrove_pressure_plate":11,"minecraft:stone":20,"minecraft:polished_deepslate_slab":1,"minecraft:smooth_quartz":948,"minecraft:weathered_cut_copper":1,"minecraft:pale_oak_button":14,"minecraft:light_gray_stained_glass":11,"minecraft:moss_block":1,"minecraft:jukebox":1,"minecraft:cyan_concrete":115,"minecraft:green_wool":1,"minecraft:glow_item_frame":1,"minecraft:trident":167,"minecraft:cyan_glazed_terracotta":120,"minecraft:chiseled_tuff":4,"minecraft:pale_oak_hanging_sign":1,"minecraft:moss_carpet":2,"minecraft:red_stained_glass":16,"minecraft:smooth_quartz_slab":14,"minecraft:structure_void":22,"minecraft:gray_concrete_powder":2,"minecraft:water_bucket":119,"minecraft:repeating_command_block":5,"minecraft:cyan_stained_glass":138,"minecraft:item_frame":231,"minecraft:anvil":1,"minecraft:light_gray_shulker_box":3,"minecraft:white_concrete_powder":1,"minecraft:green_concrete":1,"minecraft:gray_concrete":1272,"minecraft:red_wool":1,"minecraft:cyan_wool":1,"minecraft:wind_charge":34,"minecraft:mangrove_stairs":12,"minecraft:blue_ice":1,"minecraft:stone_button":4,"minecraft:light":368,"minecraft:cake":1,"minecraft:test_block":2,"minecraft:stripped_spruce_wood":1,"minecraft:white_wool":86,"minecraft:red_terracotta":437,"minecraft:iron_bars":3,"minecraft:gray_wool":14,"minecraft:cyan_terracotta":1,"minecraft:pale_oak_fence":1,"minecraft:smooth_quartz_stairs":80,"minecraft:redstone_torch":6,"minecraft:flint_and_steel":1,"minecraft:chest":1,"minecraft:red_candle":1,"minecraft:cauldron":2,"minecraft:smooth_stone_slab":3,"minecraft:red_glazed_terracotta":9},"minecraft:killed":{"minecraft:slime":18},"minecraft:custom":{"minecraft:time_since_rest":11530,"minecraft:leave_game":5,"minecraft:damage_taken":2289,"minecraft:mob_kills":18,"minecraft:time_since_death":11529,"minecraft:total_world_time":452158,"minecraft:swim_one_cm":99,"minecraft:crouch_one_cm":9256,"minecraft:deaths":13,"minecraft:damage_dealt_resisted":47467,"minecraft:walk_one_cm":273525,"minecraft:walk_under_water_one_cm":16932,"minecraft:play_time":354547,"minecraft:damage_dealt":330,"minecraft:jump":1443,"minecraft:play_record":1,"minecraft:drop":4,"minecraft:interact_with_cartography_table":3,"minecraft:sprint_one_cm":205202,"minecraft:open_chest":8,"minecraft:fall_one_cm":27939,"minecraft:fly_one_cm":3439185,"minecraft:interact_with_anvil":2,"minecraft:walk_on_water_one_cm":50028,"minecraft:sneak_time":15479}},"DataVersion":4440}